RNASeq,WGS,Type,ITGB2,CD37,RPL36AP37,PSAP,ACTB,SELL,NCF2,HBA1,ICAM3,BBLN,rs750853525,rs149483341,rs141799330,rs61737078,rs115891972,rs759402008,rs773349568,rs776267089,rs576978943,rs199926951,rs147644033,rs141524982,rs760078095,rs142659476,rs373979544,rs751011909,rs201003183
1058,1015,1,9134.766230022124,7351.580533238841,3050.1365698429663,11776.206212313751,24872.277580827595,11468.465631852592,12347.235956058352,7939445.191244169,26640.07624858782,3732.209373,0,0,0,0,0,0,0,0,0,0,0,0,0,0,0,0,0
1059,106,1,21651.84732850931,3313.983212859878,335.33853594934374,48435.640379355405,105542.38403076502,29481.631762748133,19360.638769865604,312808.50198245695,13436.026929652631,417.76782670674936,0,0,0,0,0,0,0,0,0,0,0,0,0,0,0,0,0
1060,1073,1,12897.487025715987,4429.497525140056,1678.2771115625428,22329.86617390201,4280.084623545779,27834.400439065783,12748.321271039227,9914872.688344978,9075.842093301892,2107.647479126343,0,0,0,0,0,0,0,0,0,0,0,0,0,0,0,0,0
1061,1075,1,9729.447842506152,7967.124854018605,4070.316495645908,6120.981509360428,13905.797088707908,7112.157221078156,11393.281912493205,10840164.646694563,35761.954960200295,10003.959508964972,0,0,0,0,0,0,0,0,0,0,0,0,0,0,0,0,0
1062,1092,1,22355.90642870273,3050.175941986199,1312.0736429629617,37438.30330365632,7875.678779,45176.18908670899,4962.449512,12954861.836250708,10876.05593028222,2151.307766,0,0,0,0,0,0,0,0,0,0,0,0,0,0,1,0,0
1063,1185,1,17984.26364414841,1488.6588228009516,660.4446682108984,30115.03651325706,4273.002176558287,36332.915095499695,15064.516881885853,12309269.66366846,5550.964578671803,1772.2128842868474,0,0,0,0,0,0,0,0,0,0,0,0,0,0,0,0,0
1064,1224,1,8163.5729595809635,8758.550345092413,5015.266735190882,10893.82451543046,19967.98469192362,4938.010280767619,10363.78121006366,10159782.461565465,29016.47325533633,5483.154535005268,0,0,0,0,0,0,0,0,0,0,0,0,0,0,0,0,0
1065,1310,1,7097.733169629449,7797.435997296991,2334.600989824717,7331.839349,15414.387900728336,9531.652725310378,11641.224054334203,7070863.770176448,28996.46989199457,3268.3315258713824,0,0,0,0,0,0,0,0,0,0,1,0,0,0,0,0,0
1066,1322,1,13022.315370400074,3557.953593764385,1011.1437331089234,21210.482545090712,48705.74252689574,16055.682439344837,13455.836752769346,6215497.385031833,24358.00169400845,3157.7800100389027,0,0,0,0,0,0,0,0,0,0,0,0,0,0,0,0,0
1067,1333,1,9286.530998093913,6945.455032195009,5401.280423373712,6916.149314759588,14182.840095765952,5858.889201127825,13069.222833219916,5715255.274918969,34907.618037500724,7945.230853934213,0,0,0,0,0,0,0,1,0,0,0,0,0,0,0,0,0
1068,137,1,24259.69868873117,5806.445678910112,881.9930867188709,51275.62577345881,81041.17476234208,23431.244611890423,17775.42694695136,1105388.4636265992,10100.00472626895,418.8515827089557,0,0,0,1,1,0,0,0,0,0,0,0,0,0,0,0,0
1069,1436,1,10341.965251727996,5698.141165932624,1684.251414964294,13609.543377954897,14084.38847511595,754398.9667339561,9046.201512,23472591.05171482,39476.52884025356,12241.345640372205,0,0,0,0,0,0,0,0,0,0,0,0,1,0,0,0,0
1070,1448,1,9145.917739059883,5850.352845039037,3220.393884352896,14532.169366796052,36860.34668193932,17278.84532112216,13293.822368704265,8508120.215164563,23269.76728486351,6227.435084097618,0,0,0,0,0,0,0,0,0,0,0,0,0,0,0,0,0
1071,1502,1,8141.519679888375,7644.355179361646,1705.9669478669232,11076.16122363614,19789.167528222875,22954.71275871745,11054.514003003624,3297978.106209834,21782.154974456294,4217.600153234738,0,0,0,0,0,0,0,0,0,0,0,0,0,0,0,0,0
1072,1588,1,6816.854387341977,7524.885157041746,3215.744029321529,6559.987410427641,14700.694678789654,6466.132168862788,12062.86841586167,9284436.693,35719.32903976075,3703.1655838483343,0,0,0,0,0,0,0,0,0,0,0,0,0,0,0,0,0
1073,158,1,23987.52027,4614.630311107275,534.2084309841407,60995.28651514312,113840.51707767832,33590.37261228129,19670.41634,463169.8183715195,9596.117393169678,340.70931211815383,0,0,0,0,0,0,0,0,0,0,0,0,0,0,0,0,0
1074,1607,1,11905.09502426274,7693.918150586313,5324.805703,9055.712408798454,16553.625800415455,4061.979221326653,11618.401496218075,5915968.533550904,44070.35360437548,6115.641024258816,0,0,0,0,0,0,0,0,0,0,0,0,0,0,0,0,0
1075,1625,1,9783.645190246923,8205.726966393073,3205.2171431296174,8566.039001761275,18023.884803705914,10330.325519771091,11061.993637568588,7018667.024496647,34039.133548175305,4163.605742032555,0,0,0,0,0,0,0,0,0,0,0,0,0,0,0,0,0
1076,1626,1,11777.00584314768,8833.593758430547,2851.808176301128,9028.329007,29084.94040214026,22779.54736590591,12356.734915346722,2844619.602955945,33772.01637582671,7627.130554124436,0,0,0,0,0,0,0,0,0,0,0,0,0,0,0,0,0
1077,1630,1,11810.758725152553,7755.371930218386,2373.0464982876365,9557.766061300235,21241.59562229209,11055.530198396424,9760.852723957349,9851094.345973616,31956.53256352399,4520.793730190041,1,1,0,0,0,0,0,0,0,0,0,0,0,0,0,0,0
1078,1633,1,11184.27203,7718.276623,4652.534367943249,6581.430130252743,12655.83464710052,12358.749326746049,11760.617548432376,8445930.788,28639.02488217113,11004.040265929654,0,0,0,0,0,0,1,0,0,0,0,0,0,0,0,0,0
1079,1676,1,11772.379968581135,7780.6549683317535,3946.494006998968,9428.685482904168,15628.052605477966,11161.427846356471,11469.470933192437,15549845.086376617,45829.11024402072,11117.788409054709,0,0,0,0,0,0,0,0,0,0,0,0,0,0,0,0,0
1080,1732,1,9930.51308,7210.648461106983,3446.091861501567,10381.596278340778,17806.091589082072,7990.855326569671,12588.562593707396,10115969.204100631,28124.202083937664,6276.739172469633,0,0,0,0,0,0,0,0,0,0,0,0,0,0,0,0,0
1081,1747,1,7195.7382652943215,12708.309112943474,10289.447392092836,12366.934312745016,24432.00479753677,8627.615899,7344.299520936242,5434693.536024713,27780.954805039222,9463.668072168328,0,0,0,0,0,0,0,0,0,0,0,0,0,0,0,0,0
1082,1783,1,10573.160668150578,8663.145257,7972.038662129399,7729.532835767181,23223.60897309012,10304.747097104811,10020.773319041902,30842332.82882507,44159.86751465981,8208.009201544415,0,0,0,0,0,0,0,0,1,0,0,0,0,0,0,0,0
1083,1784,1,8719.543886773343,9492.233093,4945.774925169175,7027.523727632331,21471.735819499427,12300.98655695515,9562.733933,11127170.160020197,29593.43258337628,7230.566146729253,0,0,0,0,0,0,0,0,0,0,0,0,0,0,0,0,0
1084,178,1,19299.60331417459,4746.047118199403,609.3751652434959,47922.55392,113474.23631368377,54337.14555369492,23037.900014174546,719147.1914691816,13331.954515322148,357.9958449628712,0,0,0,0,0,0,0,0,0,0,0,0,0,0,0,0,0
1085,201,1,13698.311735549947,5799.560429173304,793.5457385042296,29663.80252814244,77662.28474,41289.37821795979,17272.359467247123,2478186.813987564,19162.557175831604,1015.204157689705,0,0,0,0,0,0,0,0,0,0,0,0,0,0,0,0,0
1086,253,1,12417.27141811673,7376.566365295896,2260.079014550448,29573.633374625377,65645.40836,25273.975369664207,10772.261453289806,1067775.673,11307.682255546106,1487.8181667960864,0,0,0,0,0,1,0,0,0,0,0,0,0,0,0,0,0
1087,306,1,8592.611261,7968.659443456113,1753.138896087033,14389.10673514284,49291.51720332975,28642.93936353431,9822.929261750469,733139.3745567807,15778.371811479372,2741.329773316439,0,0,0,0,0,0,0,0,0,0,0,0,0,0,0,0,0
1088,307,1,8739.773034744703,6137.883191886636,1097.696882672624,19878.62927626959,37461.96462422238,28141.210226125146,7371.424731325078,4708663.526,20367.75116328096,2189.118689428956,0,0,0,0,0,0,0,0,0,0,0,0,0,0,0,0,0
1089,320,1,16492.490991541523,5553.850339442782,786.5312132710832,36080.15123025585,97361.76081032942,30778.977093010668,18215.989426784483,1598538.2464695096,13304.11027014031,742.0364418967566,0,0,0,0,0,0,0,0,0,0,0,0,0,0,0,0,0
1090,332,1,15786.40584589594,5910.574307284071,1075.0456671118206,32647.384035371408,77373.08913785573,23018.44828522484,15696.005315404327,1473028.5572484296,11601.117134692337,796.9744881548178,0,0,0,0,0,0,0,0,0,0,0,0,0,0,0,0,0
1091,373,1,16198.68193024664,4553.546533387304,733.4120701607447,44432.77461762424,98695.85912,37364.732534553696,22244.192549498992,2649277.025114154,16204.693874178938,678.3476736941809,0,0,0,0,0,0,0,0,0,0,0,0,0,0,0,0,0
1092,376,1,12100.574089967462,4038.630083987541,1158.8530611055508,27433.664474703397,73040.35821,23473.227428270104,16601.10737517753,4228817.743632094,12180.379355100147,793.2159686,0,0,0,0,0,0,0,0,0,0,0,0,0,0,0,0,0
1093,409,1,14885.019348049758,6153.624966811417,989.2555795,27222.01849591872,75814.38504554293,30892.575713653383,17888.698346433735,2493790.1691198414,17135.54740576928,1075.4340949974992,0,0,0,0,0,0,0,0,0,0,0,0,0,0,0,0,0
1094,422,1,10966.882558261572,5128.068429681892,1551.3266772810582,22151.57428,54948.23718650096,23200.49737020388,12884.17639923988,5667313.751648645,11090.116691538204,885.5662135460345,0,0,0,0,0,0,0,0,0,0,0,0,0,0,0,0,0
1095,434,1,16527.87180107382,4883.468018194375,1123.727028532897,34200.69114590917,91149.45042030544,27316.64274210996,17575.14998447147,1048883.506551625,15881.940821188276,697.6382883134821,0,0,0,0,0,0,0,0,0,0,0,0,0,0,0,0,0
1096,444,1,12824.820189407204,6135.325407578041,1562.2908771096886,31773.084666576957,77418.22537,45815.71963707199,19205.83018174129,2167051.659243086,9376.749489,737.4780799758377,0,0,0,0,0,0,0,0,0,0,0,0,0,0,0,0,0
1097,449,1,17897.641595511795,6520.560914808771,869.9078340312338,40458.27810585653,114870.62761552657,32945.56161659258,13920.842191308222,1947605.1200531684,16976.35427637485,1730.8208510413083,0,0,0,0,0,0,0,0,0,0,0,0,0,0,0,0,0
1098,480,1,14720.06474411062,5209.069341704897,1361.1420826460226,34821.90053810716,86212.00375438879,32607.552306349884,16643.667812892923,1819578.514390383,15726.419644708049,1257.1398279028572,0,0,0,0,0,0,0,0,0,0,0,0,0,0,0,0,0
1099,535,1,14775.414695932905,6199.272817,745.6155821540134,27235.881932922104,65164.231296998936,39377.95498660096,18080.68939784059,1194593.6797700045,16182.039195656149,1356.8361845932438,0,0,0,0,0,0,0,0,0,0,0,0,0,0,0,0,0
1100,547,1,12548.517316483443,6162.243433,2323.4863534070496,20780.464658931916,42048.35958637592,20585.492551527077,15629.639033020463,5098990.032106049,15949.28080525628,1654.4508152381625,0,0,1,0,0,0,0,0,0,0,0,0,0,0,0,0,0
1101,550,1,11362.684556068309,6835.859420405414,1430.5901806520635,12683.659314196191,36214.60108530314,23219.39887544393,20145.892577596907,5849323.437192121,18475.56232960944,1408.9301402807696,0,0,0,0,0,0,0,0,0,0,0,0,0,0,0,0,0
1102,564,1,11511.82281,8944.210690329166,6221.999116510724,17117.743032341135,25052.47363262101,17192.738620653694,10412.545366764492,4403262.434388551,25000.17407761357,4472.105345164583,0,0,0,0,0,0,0,0,0,0,0,0,0,1,0,0,0
1103,573,1,13009.368149345628,6469.984309370394,2224.839372984908,18780.48701016905,37413.65221,14541.027965150664,14029.66300279922,5130573.526976639,22245.593397912395,1736.205800745612,0,0,0,0,0,0,0,0,0,0,0,0,0,0,0,0,0
1104,584,1,13228.969634688225,7197.059277053522,2406.8603053656725,14889.22875176893,25301.12027967644,23031.735051907606,12753.643020108517,887574.2220313932,19842.41321081748,2293.333775710414,0,0,0,0,0,0,0,0,0,0,0,0,0,0,0,0,0
1105,635,1,13036.491769473849,6180.113231275844,2655.1271816785816,12230.452736276648,34178.073709969976,19236.79202483692,14337.112892808149,6005524.152914823,25819.20380756539,2893.9540959334154,0,0,0,0,0,0,0,0,0,0,0,0,0,0,0,0,0
1106,671,1,10343.132026624136,10515.681893607854,6605.208908136804,13774.409381500396,27026.239165850096,15682.317910720389,8311.973592415772,23481620.212347288,24861.97083425429,6709.724827566944,0,0,0,0,0,0,0,0,0,0,0,0,0,0,0,0,0
1107,680,1,10015.927782509754,7054.643939344837,2930.441370742112,17293.125311989497,33573.07286432374,10912.239501683212,10916.304407439102,9830859.157780144,20786.91180917584,3339.320078462566,0,0,0,0,0,0,0,0,0,0,0,0,0,0,0,0,0
1108,681,1,10961.465165284637,9767.833792228525,6460.194935021656,13143.339969399678,23883.04569006416,5182.324739378289,10605.757062840234,7285677.203126492,23947.04338213575,6352.143017710092,0,0,0,0,0,0,0,0,0,0,0,0,0,0,0,0,0
1109,685,1,11805.91832,12186.261165583232,1062.360634610694,18019.458950614608,22189.85133820912,10141.201653793074,15838.699228229025,9528674.354455257,24424.126636604164,6026.236112779789,0,0,0,0,0,0,0,0,0,0,0,0,0,0,0,0,1
1110,713,1,10738.50075149736,10605.619071664443,1882.933403232391,10957.201849555697,23968.532999861854,11148.21926431551,11170.36621095433,8616627.096918646,23287.514390718174,4905.548680498408,0,0,0,0,0,0,0,0,0,0,0,0,0,0,0,1,0
1111,721,1,13733.879738492064,6669.406492246378,5601.3668869721205,20229.117016609714,31660.564704912264,9876.668849982694,13224.11618494457,11999585.75317713,33907.77237013413,4286.261879411844,0,0,0,0,0,0,0,0,0,0,0,0,0,0,0,0,0
1112,723,1,13789.550572977863,5934.014021,4416.858454847262,16659.97311790592,35858.253775541605,13921.718789332284,9163.663001,15923492.742032047,29402.34474592184,8878.992996117475,0,0,0,0,0,0,0,0,0,1,0,0,0,0,0,0,0
1113,730,1,6800.398239518429,7987.590232212321,3578.0070763835965,9021.304933075062,12011.85510478496,7147.979165136033,11364.090652497607,13686674.945953067,28582.888584554064,6892.936018416623,0,0,0,0,0,0,0,0,0,0,0,0,0,0,0,0,0
1114,782,1,13482.303825771703,5083.080962181757,1346.8237680576888,21361.272004073904,38011.34880248655,16318.655295192304,13077.661292770124,6433663.088623348,22045.31057176705,2067.5306567175985,0,0,0,0,0,0,0,0,0,0,0,0,0,0,0,0,0
1115,917,1,11127.481364199926,8198.107200415201,4645.4905687807295,14784.886091657883,22096.245164755448,8605.252254981277,11072.27525510622,19356086.351492308,41318.32227481988,7011.175854900543,0,0,0,0,0,0,0,0,0,0,0,1,0,0,0,0,0
1116,921,1,87423.01733905247,3652.370025377777,1628.6169464276677,8431.271251599523,18934.934806638423,11842.747812645885,84107.86648902547,16484026.95695019,16887.34036,5558.262434352795,0,0,0,0,0,0,0,0,0,0,0,0,0,0,0,0,0
1117,941,1,3962.121442190424,2738.550930357582,1746.2299788170494,83322.80442190419,5571.897854458311,63849.43558429484,3138.800681717536,9222010.554057913,16317.19929338059,2266.326443,0,0,0,0,0,0,0,0,0,0,0,0,0,0,0,0,0
1118,947,1,19660.82918,6682.939808315276,202.9126470827955,33320.29573208363,1076.3700661865198,20631.663542160084,14423.442567003834,3669318.2766327495,1420.5528608873833,475.6478409526521,0,0,0,0,0,0,0,0,0,0,0,0,0,0,0,0,0
648,NA,0,23666.97066622812,5712.350579739502,225.47165338465692,42767.84629,90594.37658621032,24798.120329489066,15890.428681988347,684802.6961253023,11251.789603669888,277.6376846,0,0,0,0,0,0,0,0,0,0,0,0,0,0,0,0,0
649,NA,0,26863.440836593498,5823.357613125519,257.56213895770446,51008.54636789068,94941.23286887666,28418.649855630563,15587.51935297106,713665.4236664906,11588.222990988976,332.2468137193596,0,0,0,0,0,0,0,0,0,0,0,0,0,0,0,0,0
650,NA,0,21987.19546455829,5408.475954,104.77995216124926,35556.12383994323,72946.69304295271,31637.142426521368,16783.23066724883,599735.9466704183,14530.06778618738,257.8012580771098,0,0,0,0,0,0,0,0,0,0,0,0,0,0,0,0,0
651,NA,0,23576.430311454784,5934.796868684241,256.3485214936554,40571.41003019794,83045.45958,24718.757785581693,15294.828366044749,570715.9479604999,13445.21615,264.0747497385844,0,0,0,0,0,0,0,0,0,0,0,0,0,0,0,0,0
652,NA,0,31647.74530978056,5427.113491599869,148.73539441825417,54054.31272347156,110722.14112755934,30374.97589136952,16725.594486712398,1059410.9141129688,11615.226582416395,251.54460770051287,0,0,0,0,0,0,0,0,0,0,0,0,0,0,0,0,0
653,NA,0,18151.19575421564,5046.324657170675,152.94123220372796,41943.29681,90038.09555152214,41396.704449189085,19490.437229859617,831144.8194012683,10192.955325941171,202.4015268955471,0,0,0,0,0,0,0,0,0,0,0,0,0,0,0,0,0
655,NA,0,20799.591679792426,5718.646289106994,170.27330021154214,53181.10383121263,80117.34081392887,36387.340477641614,15872.934765482742,530192.0138972496,14122.35792,191.75930060026857,0,0,0,0,0,0,0,0,0,0,0,0,0,0,0,0,0
656,NA,0,11585.467926799562,81613.96303104644,1439.6570963013835,34188.621221559035,153016.4339906895,91570.38748,13791.90185018154,319228.7719557663,16327.611033026653,1022.5879758693728,0,0,0,0,0,0,0,0,0,0,0,0,0,0,0,0,0
657,NA,0,21099.91046134299,5734.937774039351,138.2799405,35868.94802389117,70836.55048976009,26929.563894756488,15827.843835510515,508682.2818411726,13825.08305726033,285.80624213929707,0,0,0,0,0,0,0,0,0,0,0,0,0,0,0,0,0
658,NA,0,21967.84387994552,6035.958988575044,177.79649842392033,44565.59946161529,88452.60628605151,25949.87905661312,15038.48844329118,398568.5462704261,9546.364114460992,230.3359697694993,0,0,0,0,0,0,0,0,0,0,0,0,0,0,0,0,0
659,NA,0,27746.601258413484,6000.833126705971,205.81689851511388,51271.40851399965,105743.16780776108,26109.397833754643,15126.516198208708,890615.8813139524,11636.578771467584,421.5872833117883,0,0,0,0,0,0,0,0,0,0,0,0,0,0,0,0,0