SNV,Position,Allele,Allele Frequency,CADD Phred,Gene
rs149786471,chr13:27424869,C>T,0.0005637,12.01,GTF3A
rs201796232,chr13:27623037,G>A,5.169e-05,12.62,"LNX2, POLR1D"
rs41323349,chr13:30764017,T>C,0.0001432,18.94,ALOX5AP
rs1368294658,chr13:110642350,G>A,6.306e-06,29.2,"CARS2, NAXD"
rs146355429,chr13:110642449,C>T,0.0007882,22.5,"CARS2, NAXD"
rs150286306,chr13:110683132,T>C,0.0006728,19.88,CARS2
rs115915862,chr13:110712963,C>T,0.0009768,15.85,"ING1, CARS2"
rs121913212,chr21:33432323,A>T,0.0005132,18.75,"IFNGR2, TMEM50B"
rs372840826,chr21:33915775,C>A,0.0003608,12.35,"ATP5PO, LINC00649, RN7SL740P"
rs750853525,chr21:44891897,G>A,0.0003152,15.13,ITGB2
rs149483341,chr21:44900370,C>T,0.0003463,22.8,ITGB2
rs764894987,chr21:44900421,C>T,1.592e-05,22.7,ITGB2
rs141799330,chr21:44907014,C>T,0.0007756,17.52,ITGB2
rs61737078,chr21:44910770,G>A,0.0002975,11.49,ITGB2
rs774043537,chr22:23894830,C>T,0.0,25.3,"MIF, MIF-AS1"
rs114744232,chr22:36511618,G>A,0.0008511,10.47,"EIF3D, FOXRED2"
rs777290534,chr22:37231331,C>T,1.99e-05,11.92,RAC2
rs769712952,chr22:37304303,C>T,6.694e-05,12.22,CYTH4
rs112449788,chr22:37313495,T>C,0.0009505,24.5,CYTH4
rs372781791,chr22:37888463,G>A,0.0001034,16.31,"EIF3L, RNU6-900P"
rs370496117,chr22:38961454,C>T,0.0001975,10.27,APOBEC3A
rs769959563,chr22:39313642,G>A,9.958e-05,25.9,"SNORD83A, SNORD83B, RPL3"
rs145391424,chr22:39313676,G>A,0.0005214,12.16,"SNORD83A, SNORD83B, RPL3"
rs115694446,chr22:39313831,A>G,0.0005145,17.77,"SNORD83A, SNORD83B, RPL3"
rs377740217,chr22:39319621,G>A,0.0006404,18.07,"SNORD83A, RPL3, SNORD43"
rs779372664,chr22:39319623,G>A,3.997e-05,18.15,"SNORD83A, RPL3, SNORD43"
rs566425803,chr22:39521644,T>C,0.000371,11.66,"ATF4, MIEF1"
rs8192467,chr22:43162978,G>T,0.0003416,12.62,"TSPO, TTLL12"
rs897999639,chr22:50525890,G>T,5.884e-06,15.65,"TYMP, SCO2, NCAPH2, CIMAP1B"
rs35236223,chr20:1125571,G>A,3.98e-05,32.0,PSMF1
rs368454586,chr20:35542947,C>T,2.786e-05,12.47,"RPL36P4, ERGIC3"
rs200842404,chr20:49280685,C>T,0.00028,15.82,"SNORD12C, SNORD12, ZNFX1, ZFAS1, SNORD12B"
rs374374331,chr20:57392806,C>T,0.0001612,12.2,"RBM38, RBM38-AS1"
rs762156310,chr20:57407589,G>A,2.421e-05,22.1,RBM38
rs77400319,chr20:58840547,G>A,0.0003599,11.31,"GNAS-AS1, GNAS"
rs753518365,chr20:58903451,G>A,5.789e-05,15.85,GNAS
rs143738831,chr20:58986147,C>T,5.965e-05,14.09,"CTSZ, NELFCD"
rs759602283,chr20:58996662,G>A,4.374e-05,30.0,"CTSZ, NELFCD"
rs186380851,chr20:59006454,G>A,9.164e-05,12.67,CTSZ
rs201004132,chr20:62139850,G>A,0.0001155,12.9,"SS18L1, LSM14B, PSMA7"
rs200637581,chr20:64074527,C>T,0.0002834,17.6,"MIR6813, RGS19, TCEA2"
rs199775125,chrX:47586579,C>T,0.0006014,23.4,"MIR4769, TIMP1, SYN1"
rs200131215,chrX:47627569,C>T,0.0001314,20.7,CFP
rs139596860,chrX:55009187,T>A,0.0005632,15.98,"APEX2, ALAS2"
rs375124298,chrX:72275611,G>A,0.0001145,10.03,"PIN4, RPS4X"
rs201182381,chrX:119469750,T>C,0.0001172,11.78,"SLC25A5, SLC25A5-AS1"
rs143413528,chrX:119469766,G>A,0.0002412,32.0,"SLC25A5, SLC25A5-AS1"
rs148294496,chrX:119469779,A>C,0.0005433,28.0,"SLC25A5, SLC25A5-AS1"
rs141428607,chrX:119469784,A>T,0.0006124,27.9,"SLC25A5, SLC25A5-AS1"
rs780390657,chrX:119469793,T>A,0.0,27.7,"SLC25A5, SLC25A5-AS1"
rs199707714,chrX:119469901,G>A,1.138e-05,25.9,"UBE2A, SLC25A5, SLC25A5-AS1"
rs753913830,chrX:119469910,G>T,5.663e-06,28.2,"UBE2A, SLC25A5, SLC25A5-AS1"
rs200550329,chrX:119469962,G>A,1.128e-05,26.9,"UBE2A, SLC25A5, SLC25A5-AS1"
rs745814504,chrX:119469966,C>T,0.0002257,14.43,"UBE2A, SLC25A5, SLC25A5-AS1"
rs201050239,chrX:119469995,G>A,5.595e-06,22.9,"UBE2A, SLC25A5, SLC25A5-AS1"
rs199678822,chrX:119470021,G>A,5.543e-06,22.3,"UBE2A, SLC25A5, SLC25A5-AS1"
rs200209943,chrX:119470041,C>A,5.521e-06,13.36,"UBE2A, SLC25A5, SLC25A5-AS1"
rs201245447,chrX:119470043,A>G,5.53e-06,20.8,"UBE2A, SLC25A5, SLC25A5-AS1"
rs199724474,chrX:119470044,C>T,1.104e-05,11.16,"UBE2A, SLC25A5, SLC25A5-AS1"
rs199803560,chrX:119470051,G>A,0.0,25.2,"UBE2A, SLC25A5, SLC25A5-AS1"
rs200606066,chrX:119470067,T>C,0.0,29.3,"UBE2A, SLC25A5, SLC25A5-AS1"
rs199547691,chrX:119470080,T>C,0.0,11.18,"UBE2A, SLC25A5, SLC25A5-AS1"
rs200974395,chrX:119470097,G>T,4.041e-05,32.0,"UBE2A, SLC25A5, SLC25A5-AS1"
rs774207033,chrX:119470141,G>A,0.0,24.7,"UBE2A, SLC25A5, SLC25A5-AS1"
rs80253442,chrX:119470404,C>T,1.104e-05,10.98,"UBE2A, SLC25A5, SLC25A5-AS1"
rs115513989,chrX:119470436,C>G,1.096e-05,26.2,"UBE2A, SLC25A5, SLC25A5-AS1"
rs201167774,chrX:119470453,A>G,0.0,19.21,"UBE2A, SLC25A5, SLC25A5-AS1"
rs202199070,chrX:119470465,T>C,0.0,23.7,"UBE2A, SLC25A5, SLC25A5-AS1"
rs114413582,chrX:119470481,G>C,0.0,33.0,"UBE2A, SLC25A5, SLC25A5-AS1"
rs747700813,chrX:119470504,C>T,0.0,26.9,"UBE2A, SLC25A5, SLC25A5-AS1"
rs73213195,chrX:119471038,G>T,0.0,38.0,"UBE2A, SLC25A5, SLC25A5-AS1"
rs77294853,chrX:119471054,C>T,0.0,22.5,"UBE2A, SLC25A5, SLC25A5-AS1"
rs74343587,chrX:119471060,T>G,0.0,16.92,"UBE2A, SLC25A5, SLC25A5-AS1"
rs77471675,chrX:119471093,C>T,3.348e-05,15.68,"UBE2A, SLC25A5, SLC25A5-AS1"
rs374576277,chrX:149490370,G>T,1.635e-05,22.5,IDS
rs200784263,chrX:149498148,C>T,8.725e-05,23.4,IDS
rs148637748,chrX:153798125,G>A,8.177e-05,22.9,"SSR4, PDZD4, IDH3G"
rs74331897,chrX:153910754,G>C,0.0007731,22.1,"ARHGAP4, AVPR2"
rs979369776,chrX:154400837,C>T,0.0,18.13,"DNASE1L1, RPL10, SNORA70"
rs149786664,chr8:11845148,C>A,3.182e-05,17.51,CTSB
rs117636256,chr8:11847151,C>T,0.0001194,10.26,CTSB
rs141068211,chr8:18062298,A>G,0.0008113,18.1,ASAH1
rs1418519253,chr8:22067188,C>T,4.196e-06,10.65,DMTN
rs139466873,chr8:22067528,C>T,0.0001075,28.5,DMTN
rs542454397,chr8:23529035,G>A,0.0,14.07,SLC25A37
rs140313706,chr8:30066137,G>A,9.581e-05,22.4,SARAF
rs368472674,chr8:98027418,T>C,7.316e-05,26.0,"MATN2, RPL30"
rs773361618,chr8:100706807,T>A,0.0,35.0,"PABPC1, MIR7705"
rs749404709,chr8:100721566,G>A,0.0,12.32,PABPC1
rs374346200,chr8:108201923,C>T,1.82e-05,22.8,EIF3E
rs201287696,chr8:116658797,T>A,0.0009535,11.2,EIF3H
rs201985374,chr8:116658798,A>C,0.0009525,12.64,EIF3H
rs769239559,chr8:124553252,A>C,7.952e-06,13.28,"MTSS1, NDUFB9"
rs767086115,chr8:124558828,G>A,0.0,24.4,"MTSS1, NDUFB9"
rs199856046,chr8:143579812,C>T,0.0001517,33.0,"NAPRT, EEF1D"
rs373056222,chr8:143580626,A>G,7.959e-06,13.14,"NAPRT, EEF1D"
rs146696971,chr8:143589109,C>T,0.0006361,25.4,EEF1D
rs138931466,chr8:143589836,C>A,8.299e-06,19.64,EEF1D
rs146141808,chr8:143590045,C>T,0.0007925,20.6,EEF1D
rs370639758,chr8:143614812,G>A,2.793e-05,31.0,GFUS
rs373113184,chr8:144107151,A>G,0.0009317,10.83,"WDR97, SHARPIN, MAF1"
rs11539898,chr8:144791906,G>A,0.0005055,11.67,"ZNF34, RPL8, MIR6850"
rs11539895,chr8:144792039,C>G,0.0006549,24.4,"ZNF34, RPL8, MIR6850"
rs745756054,chr14:22769896,G>A,0.0001591,15.06,"SLC7A7, OXA1L-DT, OXA1L"
rs116706310,chr14:22771292,G>A,0.0004574,14.41,"SLC7A7, OXA1L-DT, OXA1L"
rs762043637,chr14:22771306,C>T,7.557e-05,25.9,"SLC7A7, OXA1L-DT, OXA1L"
rs149392154,chr14:22771535,C>T,0.0008112,23.1,"SLC7A7, OXA1L-DT, OXA1L"
rs145978609,chr14:49598987,A>C,0.0008779,18.14,"RHOQP1, LRR1, RPS29"
rs146470342,chr14:52005755,A>G,6.763e-05,17.93,"NID2, RTRAF"
rs115891972,chr14:55137398,G>A,0.0002484,10.6,LGALS3
rs185472526,chr14:67659820,G>A,7.954e-05,25.1,"RNA5SP386, VTI1B"
rs143173452,chr14:67659844,G>A,5.569e-05,27.4,"RNA5SP386, VTI1B"
rs773907622,chr14:67674394,C>G,8.644e-06,11.08,"RDH11, VTI1B"
rs143503733,chr14:90404396,C>T,0.0008047,14.02,CALM1
rs199422209,chr14:94378528,G>A,4.772e-05,23.9,SERPINA1
rs200945035,chr14:94378631,T>C,0.0001393,24.0,SERPINA1
rs11545547,chr10:17229626,G>A,6.592e-05,17.38,"VIM, VIM-AS1"
rs1442649286,chr10:17236332,T>C,3.979e-06,24.6,VIM
rs146887444,chr10:71773367,C>T,0.0006302,21.7,"CDH23, VSIR"
rs759402008,chr10:71821883,G>A,2.388e-05,24.4,PSAP
rs773349568,chr10:71825851,T>C,5.966e-05,19.12,PSAP
rs61860018,chr10:80159124,G>A,0.0004101,12.34,ANXA11
rs144351361,chr10:91271664,G>A,3.984e-06,13.99,PCGF5
rs550820247,chr10:97334492,C>T,0.0006984,10.32,FRAT2
rs148225281,chr10:98418187,C>T,0.0004583,18.87,"PYROXD2, HPS1"
rs45529437,chr10:104255223,G>A,0.0003226,33.0,GSTO1
rs1005899327,chr10:119542684,G>A,0.0002163,16.25,RGS10
rs781164759,chr9:33255945,G>A,7.96e-06,14.57,BAG1
rs200482625,chr9:33261078,G>C,5.776e-05,12.98,"BAG1, CHMP5"
rs185731392,chr9:33262248,T>C,0.0002485,25.4,"BAG1, CHMP5"
rs200677970,chr9:33262746,T>C,3.579e-05,26.2,"BAG1, CHMP5"
rs755836999,chr9:33264466,G>C,5.688e-05,25.3,"BAG1, CHMP5"
rs138413630,chr9:36147884,G>A,0.0001193,22.7,GLIPR2
rs201508523,chr9:93124896,C>T,0.0006233,16.79,NINJ1
rs150362117,chr9:93125016,G>A,0.0005774,10.14,NINJ1
rs201941970,chr9:93134193,C>G,0.000795,24.7,NINJ1
rs375836072,chr9:99222554,G>A,3.156e-05,14.54,"ALG2, SEC61B"
rs368657081,chr9:99222555,A>G,0.0002637,18.67,"ALG2, SEC61B"
rs1015178492,chr9:99222652,C>T,1.546e-05,11.64,"ALG2, SEC61B"
rs191324292,chr9:110244107,A>T,0.0002765,12.7,TXN
rs146018216,chr9:110251437,G>A,0.0004341,15.89,TXN
rs138696336,chr9:124857989,T>G,0.0008798,23.9,"ARPC5L, RPL35, WDR38"
rs142641161,chr9:124861475,C>T,0.0005294,11.23,"ARPC5L, RPL35, WDR38"
rs200535493,chr9:124861955,G>A,0.0002411,13.69,"ARPC5L, RPL35, WDR38"
rs142304708,chr9:128722556,T>C,0.000274,23.9,"ZDHHC12-DT, PKN3, ZDHHC12"
rs149597527,chr9:131125677,G>A,0.0001978,12.0,"RNU6-881P, AIF1L, NUP214"
rs201384194,chr9:131125718,T>C,0.0001626,23.0,"RNU6-881P, AIF1L, NUP214"
rs138075577,chr9:131144619,C>T,0.0002189,22.2,NUP214
rs147361841,chr9:131199065,A>G,0.0008621,12.71,NUP214
rs144737973,chr9:131232302,A>G,0.0002187,14.19,NUP214
"rs188902592,  rs2129996620",chr9:133350866,T>C,0.0009909,19.2,"SNORD36A, SNORD36B, SNORD36C, SURF1, MED22, SNORD24, RPL7A"
rs138055828,chr9:134909913,T>C,0.0005169,19.97,FCN1
rs376136024,chr9:136941355,C>T,0.0002781,11.06,"C8G, FBXW5"
rs148935719,chr9:136942686,G>A,0.0008443,10.5,"C8G, FBXW5"
rs149461505,chr9:136942904,C>T,0.0003986,19.34,"C8G, FBXW5"
rs144421503,chr9:137112807,T>G,3.357e-05,24.8,"MAN1B1, DPP7"
rs1422925642,chr9:137113477,C>T,4.358e-06,26.8,"MAN1B1, DPP7"
rs113988463,chr18:3255960,T>C,0.0001791,16.57,"MYL12-AS1, MYL12A"
rs759213206,chr16:1778572,G>A,4.119e-06,19.15,"EME2, NUBP2, SPSB3"
rs138470873,chr16:1786838,G>A,0.0002748,22.7,"NUBP2, SPSB3, IGFALS"
rs202244110,chr16:1792210,C>G,7.596e-05,14.82,"SPSB3, NUBP2, HAGH, IGFALS"
rs114353102,chr16:1819123,A>G,0.0009249,25.1,HAGH
rs200156644,chr16:1963081,G>C,0.0009791,14.01,"SNORA64, NDUFB10, SNORA10, RNF151, SNORA78, RPS2, SNHG9"
rs1804139,chr16:2519795,C>A,6.691e-05,13.29,"ATP6V0C, AMDHD2"
rs375731347,chr16:2519947,C>A,0.0003009,13.69,"ATP6V0C, AMDHD2"
rs373801670,chr16:8855270,G>A,5.614e-05,25.3,"CARHSP1, PMM2"
rs115493998,chr16:8858430,G>A,0.0009193,11.78,"CARHSP1, PMM2"
rs200264434,chr16:8858470,G>A,7.99e-05,31.0,"CARHSP1, PMM2"
rs149816371,chr16:8859171,G>T,0.0007314,27.2,"CARHSP1, PMM2"
rs776294517,chr16:8859226,G>A,2.846e-05,21.3,"CARHSP1, PMM2"
rs539869372,chr16:21599691,C>T,0.0003807,17.82,METTL9
rs184308764,chr16:28104683,C>T,0.000337,25.2,XPO6
rs376978943,chr16:28107514,G>A,4.011e-06,11.71,"TPRKBP2, XPO6"
rs779960212,chr16:29807409,C>T,9.4e-05,16.59,"MVP-DT, KIF22, PRRT2, MAZ"
rs374714926,chr16:29807628,C>T,4.455e-05,15.94,"MVP-DT, KIF22, PRRT2, MAZ"
rs377467615,chr16:29808565,C>T,0.0009993,17.0,"MVP-DT, KIF22, PRRT2, MAZ"
rs148190767,chr16:29830909,G>A,0.000339,13.8,MVP
rs902238887,chr16:29833943,A>C,1.988e-05,22.7,MVP
rs764551339,chr16:30188536,G>A,3.714e-05,23.3,"CORO1A, CORO1A-AS1, BOLA2B"
rs111592429,chr16:66579821,C>T,0.000836,17.89,"CMTM1, CMTM2"
rs147346083,chr16:85804939,A>G,0.0001583,23.6,COX4I1
rs777401176,chr16:89561503,C>A,2.026e-05,13.3,"RPL13, SPG7, SNORD68"
rs61734766,chr16:89562903,C>T,0.0003573,25.2,"RPL13, SNORD68"
rs11380,chr12:6492309,G>A,0.0009565,24.1,"NCAPD2, MRPL51"
rs372768955,chr12:6537667,C>A,0.0002723,11.24,"GAPDH-DT, GAPDH, IFFO1"
rs782657528,chr12:6867413,G>A,0.0003665,12.34,"TPI1, SPSB2, USP5"
rs151294895,chr12:6868221,C>G,0.0001379,13.89,"TPI1, SPSB2, USP5"
rs150585849,chr12:6869381,G>T,0.0005529,25.3,"LRRC23, TPI1, SPSB2, USP5"
rs782267337,chr12:6870323,C>T,7.954e-06,13.84,"LRRC23, TPI1, SPSB2, USP5"
rs370910772,chr12:6870347,G>A,0.0001551,10.64,"LRRC23, TPI1, SPSB2, USP5"
rs148483779,chr12:6944156,G>T,7.556e-05,23.1,"ATN1, C12orf57, PTPN6, RNU7-1"
rs750821923,chr12:8123880,T>C,7.169e-05,20.5,CLEC4A
rs115176426,chr12:8136865,G>A,0.0006204,40.0,"POU5F1P3, GCSHP4, CLEC4A"
rs752672584,chr12:10719166,A>T,7.999e-06,15.11,YBX3
rs57917280,chr12:51241042,T>G,0.0003817,24.5,"DAZAP2, SMAGP"
rs766994081,chr12:53299320,C>T,3.985e-06,25.1,"MYG1, PFDN5, MYG1-AS1"
rs749720708,chr12:53455364,C>T,7.956e-06,14.62,PCBP2
rs368118707,chr12:53468763,C>T,0.0001553,16.62,"PCBP2, PCBP2-OT1"
rs150789356,chr12:55716989,G>A,0.0008634,27.3,"ITGA7, BLOC1S1, RDH5"
rs199714713,chr12:56158447,A>G,0.0002291,12.69,"MYL6, MYL6B-AS1, MYL6B, SMARCC2"
rs149738823,chr12:56160052,A>C,0.0001392,24.8,"MYL6, MYL6B-AS1, MYL6B, SMARCC2"
rs145015204,chr12:56639116,C>A,0.0006046,19.18,"ATP5F1B, BAZ2A"
rs372401715,chr12:56640189,T>C,0.0001473,21.7,"SNORD59A, ATP5F1B, BAZ2A"
rs376765679,chr12:56645329,G>A,4.777e-05,26.4,"SNORD59A, ATP5F1B"
rs368947398,chr12:56716224,G>A,2.414e-05,13.13,NACA
rs200125059,chr12:56717766,G>A,0.0001828,16.63,NACA
rs76163127,chr12:56719836,G>A,0.000872,12.0,NACA
rs777134528,chr12:56724512,C>T,2.031e-05,27.8,NACA
rs955603283,chr12:57476107,G>A,4.547e-05,11.97,"ARHGAP9, MARS1, GLI1"
rs143185169,chr12:57476934,C>T,9.155e-05,14.16,"ARHGAP9, MARS1, GLI1"
rs144828330,chr12:57477481,G>A,7.166e-05,26.4,"ARHGAP9, MARS1"
rs201535531,chr12:57488073,C>T,0.0002961,20.4,"ARHGAP9, MARS1"
rs200471304,chr12:57488156,C>T,4.381e-05,12.89,"ARHGAP9, MARS1"
rs200537764,chr12:98601370,G>A,2.792e-05,23.5,"SNORA53, SLC25A3"
rs1269102801,chr12:110434957,G>A,6.779e-06,11.03,"HMGA1P3, ARPC3"
rs775224869,chr12:112019724,A>G,3.977e-06,18.9,ERP29
rs369454134,chr12:112019920,G>T,3.185e-05,17.64,ERP29
rs116237836,chr12:112019929,G>A,0.0008368,13.59,ERP29
rs183047793,chr12:117056903,A>C,0.0004058,12.03,TESC
rs562957217,chr12:117075334,G>A,1.216e-05,23.2,TESC
rs559386138,chr12:117099383,G>A,0.0,12.7,"TESC, TESC-AS1"
rs60656828,chr12:120196809,C>G,0.0003689,18.15,"GCN1, PXN-AS1, RPLP0"
rs199718815,chr12:120438354,C>T,0.0006019,10.92,COX6A1
rs200424213,chr12:122981148,C>G,0.0003899,21.9,"OGFOD2, ABCB9, PITPNM2, ARL6IP4"
rs771942726,chr12:122981203,G>T,5.235e-05,37.0,"OGFOD2, ABCB9, PITPNM2, ARL6IP4"
rs772860968,chr12:122981204,A>T,5.236e-05,23.9,"OGFOD2, ABCB9, PITPNM2, ARL6IP4"
rs535469700,chr12:122981584,C>A,1.695e-05,14.85,"OGFOD2, ABCB9, PITPNM2, ARL6IP4"
rs369309365,chr12:124911673,G>A,4.178e-06,12.66,"UBC, MIR5188"
rs28915406,chr19:572596,A>G,0.0004509,10.65,"BSG, BSG-AS1"
rs200303627,chr19:1037641,C>T,0.0002208,23.5,"CNN2, ABCA7"
rs199840457,chr19:1037671,A>G,0.0001744,24.9,"CNN2, ABCA7"
rs200505828,chr19:1037680,C>T,2.426e-05,23.8,"CNN2, ABCA7"
rs200699249,chr19:1037682,G>A,2.425e-05,23.9,"CNN2, ABCA7"
rs200177867,chr19:1037716,T>C,1.208e-05,24.9,"CNN2, ABCA7"
rs201532581,chr19:1037717,G>A,2.013e-05,27.5,"CNN2, ABCA7"
rs199741851,chr19:1037719,G>T,1.208e-05,28.7,"CNN2, ABCA7"
rs77454210,chr19:1037750,G>A,1.209e-05,11.74,"CNN2, ABCA7"
rs77830704,chr19:1037757,G>A,0.0001331,26.0,"CNN2, ABCA7"
rs78386506,chr19:1037767,G>A,8.46e-05,24.6,"CNN2, ABCA7"
rs75676484,chr19:1037782,C>A,8.053e-06,26.3,"CNN2, ABCA7"
rs78288829,chr19:1037808,G>A,4.044e-06,17.75,"CNN2, ABCA7"
rs80117328,chr19:1037811,G>C,0.0,19.18,"CNN2, ABCA7"
rs1274743142,chr19:1104032,A>T,0.0,10.61,"GPX4, SBNO2"
rs772251077,chr19:1104053,G>T,3.445e-05,17.59,"GPX4, SBNO2"
rs76201145,chr19:1105691,G>A,0.000851,23.5,"GPX4, SBNO2"
rs531544101,chr19:1241875,C>T,0.000531,21.6,"CBARP-DT, ATP5F1D, CBARP"
rs372801460,chr19:1244409,A>G,0.0003463,12.9,"MIDN, ATP5F1D, CBARP-DT"
rs763593812,chr19:1881551,G>A,9.789e-05,13.01,ABHD17A
rs570670346,chr19:1881561,A>G,4.638e-06,12.3,ABHD17A
rs755275396,chr19:2272748,C>T,3.86e-05,15.33,"JSRP1, OAZ1, PEAK3"
rs144843773,chr19:2328552,C>G,0.0007512,11.36,"SPPL2B, LSM7"
rs375713618,chr19:3179154,G>A,6.583e-05,32.0,S1PR4
rs150230356,chr19:3179282,G>A,0.0005609,13.7,S1PR4
rs772435234,chr19:3980570,C>T,5.969e-05,28.4,"SNORD37, EEF2"
rs74491743,chr19:3982556,G>A,0.0009594,10.26,"SNORD37, EEF2"
rs200874968,chr19:4101046,G>A,0.0002497,12.38,MAP2K2
rs150257776,chr19:5687291,G>A,0.0001047,11.67,"RPL36, LONP1, HSD11B1L"
rs747373695,chr19:6374875,C>T,1.194e-05,25.3,"PSPN, CLPP, ALKBH7, GTF2F1"
rs375805387,chr19:7629796,T>A,7.177e-06,17.75,"PET100, PCP2, XAB2"
rs756326147,chr19:7630849,A>T,6.445e-05,15.42,"PET100, PCP2, XAB2"
rs199924392,chr19:7645236,C>T,0.0003629,29.9,STXBP2
rs555224869,chr19:7646466,T>C,0.000554,11.29,STXBP2
rs771804921,chr19:7682215,C>T,8.6e-05,10.79,"TRAPPC5, MCEMP1"
rs146105751,chr19:8316595,T>C,0.0004168,10.41,"RPS28, NDUFA7"
rs201198914,chr19:8527474,G>C,0.000205,24.4,MYO1F
rs753018608,chr19:8554657,G>A,8.015e-06,22.2,MYO1F
rs146711627,chr19:11513887,C>T,0.0001233,23.7,"RN7SL833P, ECSIT"
rs1249285576,chr19:11555251,C>T,0.0,17.56,"ZNF627, CNN1, ELOF1"
rs776267089,chr19:13099616,G>A,9.483e-05,13.31,"NFIX, LYL1"
rs914387998,chr19:13144404,C>T,8.479e-06,20.0,"NACC1, STX10"
rs765161255,chr19:17274165,C>T,4.014e-05,28.9,"USHBP1, BABAM1"
rs957094686,chr19:17404141,A>G,4.651e-06,14.95,"MVB12A, BST2, BISPR"
rs368232818,chr19:17511703,G>A,0.0008273,28.1,"PGLS-DT, PGLS"
rs183992141,chr19:17511928,G>A,0.0007015,25.2,"PGLS-DT, PGLS"
rs114362876,chr19:17862226,A>G,0.0005192,12.94,"SNORA68, RPL18A"
rs149235073,chr19:18573384,C>T,4.775e-05,13.81,"KXD1, KXD1-AS1, CRLF1, UBA52"
rs116490543,chr19:18907024,A>G,0.0008278,25.4,COPE
rs143629324,chr19:19516312,T>G,0.0009641,31.0,"TSSK6, NDUFA13"
rs781167421,chr19:19527390,C>T,2.403e-05,12.55,"YJEFN3, NDUFA13"
rs748740602,chr19:35270495,G>A,2.785e-05,23.2,"USF2, LSR"
rs148620607,chr19:35270584,C>T,0.000347,12.26,"USF2, LSR"
rs770275272,chr19:35279306,C>T,0.0,16.77,"HAMP, USF2"
rs148597733,chr19:35903786,T>C,0.0004305,26.5,"HCST, TYROBP, NFKBID"
rs201883520,chr19:38620405,A>G,1.194e-05,29.2,"EIF3K, MAP4K1"
rs368542764,chr19:39408273,C>G,5.209e-05,20.3,"MIR4530, PLEKHG2, ZFP36"
rs751231945,chr19:39840691,C>G,9.658e-06,22.3,FBL
rs140190017,chr19:40451405,T>G,0.0004197,19.95,"BLVRB, Metazoa_SRP"
rs199771756,chr19:40458368,G>A,0.0007184,23.2,BLVRB
rs371739369,chr19:40577591,C>G,1.591e-05,32.0,"SPTBN4, SHKBP1"
rs139235592,chr19:40586861,C>G,0.000467,27.3,SHKBP1
rs370006868,chr19:40590294,T>C,0.0001272,25.7,"SHKBP1, LTBP4"
rs201580082,chr19:40800689,C>T,2.789e-05,10.23,"EGLN2, RAB4B"
rs201706637,chr19:42216798,C>G,3.684e-05,13.82,"DEDD2, ZNF526"
rs201478700,chr19:45526010,T>A,0.0007309,10.31,"VASP, OPA3"
rs564044509,chr19:46601384,C>T,0.0003707,18.83,"PPP5D1P, CALM3"
rs780932218,chr19:47781135,G>A,0.0002247,25.8,SELENOW
rs74636802,chr19:48619180,G>A,0.0008215,13.51,"SPHK2, FAM83E, RPL18"
rs747772839,chr19:48954889,C>T,0.0,17.45,BAX
rs140986746,chr19:48955582,G>A,0.0006648,14.55,BAX
rs34124134,chr19:48955841,C>T,0.0001697,13.32,BAX
rs576978943,chr19:49339498,G>A,0.000618,12.28,"CD37, TEAD2"
rs570325639,chr19:49339850,C>T,0.000773,16.96,"CD37, TEAD2"
rs141468307,chr19:49489997,C>T,0.0008746,23.2,"SNORD33, SNORD34, FLT3LG, SNORD32A, RPL13A, SNORD35A"
rs149491225,chr19:49497217,G>A,0.0004697,10.87,"RPL13A, SNORD35B, MIR150, RPS11"
rs200238455,chr19:49557225,G>A,0.0001093,18.02,NOSIP
rs147691115,chr19:49659793,C>T,8.5e-05,15.66,"SCAF1, IRF3"
rs773201962,chr19:49660749,C>G,4.111e-06,17.14,"SCAF1, BCL2L12, IRF3"
rs1229849809,chr19:51372501,C>A,3.994e-06,16.55,"CLDND2, NKG7"
rs749910174,chr19:54217435,G>C,0.0008447,14.77,"RPS9, LILRB3"
rs537104369,chr19:54221148,T>G,6.326e-05,14.56,"RPS9, LILRB3"
rs1183285152,chr19:54221154,C>G,0.0,13.98,"RPS9, LILRB3"
rs749291228,chr19:54222283,A>G,2.477e-05,17.72,"RPS9, LILRB3"
rs1308375444,chr19:54222798,C>T,2.056e-05,11.04,"RPS9, LILRB3"
rs749266748,chr19:54240855,C>T,2.808e-05,16.32,"RPS9, LILRA6"
rs1308125703,chr19:54574052,C>T,0.0,10.6,LILRA2
rs199926951,chr19:54574547,C>T,2.387e-05,22.3,LILRA2
rs1304061217,chr19:54574799,C>A,3.976e-06,15.82,LILRA2
rs1455280111,chr19:54574903,G>A,1.193e-05,24.9,LILRA2
rs147644033,chr19:54575483,T>C,0.0005173,19.6,LILRA2
rs141524982,chr19:54575519,G>A,0.0008107,16.54,LILRA2
rs760078095,chr7:5529055,G>C,0.0001084,10.53,ACTB
rs777136283,chr7:5529828,G>C,0.0003446,16.34,ACTB
rs552997939,chr7:73225910,G>A,0.0009045,18.21,NCF1B
rs1554530387,chr7:73225925,A>G,0.0,16.61,NCF1B
rs545615296,chr7:73229654,G>A,0.0006496,16.48,NCF1B
rs199886863,chr7:74777359,G>T,0.0006306,12.29,NCF1
rs144018361,chr7:74779319,T>G,0.0008305,23.7,NCF1
rs1359242564,chr7:74789065,A>C,0.0002325,19.05,NCF1
rs76352870,chr7:98307692,T>C,0.0008675,11.92,"BAIAP2L1, BRI3"
rs143427534,chr7:99389957,G>T,0.0007876,33.0,"ARPC1B, PDAP1"
rs200634492,chr7:100149508,C>A,0.0003461,22.3,"TRAPPC14, LAMTOR4"
rs779761204,chr7:100577291,C>T,8.365e-05,15.76,"LRCH4, SAP25"
rs201757672,chr7:100577328,G>A,0.0003558,29.3,"LRCH4, SAP25"
rs139516267,chr7:100577719,A>G,0.0002069,22.3,"LRCH4, SAP25"
rs142600009,chr7:100578194,C>T,7.557e-05,29.7,"LRCH4, SAP25"
rs140157885,chr7:135681611,G>T,3.579e-05,15.43,"STMP1, SLC13A4"
rs1393600357,chr6:29725478,G>A,3.988e-06,17.8,"RPL23AP1, HLA-F"
rs57486551,chr6:29727083,C>T,0.0003386,16.07,"RPL23AP1, HLA-F"
rs199474562,chr6:29943476,G>A,0.0,10.5,HLA-A
rs61760919,chr6:29943490,T>A,8.193e-06,23.5,HLA-A
rs62687162,chr6:29943543,G>T,0.0005036,32.0,HLA-A
rs41557315,chr6:29944131,A>G,0.0005708,17.22,HLA-A
rs1463703082,chr6:30491197,G>T,0.0,25.6,"RANP1, HLA-E"
rs765019464,chr6:30491221,C>T,1.197e-05,22.3,"RANP1, HLA-E"
rs763507533,chr6:30684381,A>G,4.11e-05,12.36,"NRM, PPP1R18"
rs142287154,chr6:30741671,C>T,0.0001421,14.8,"FLOT1, IER3-AS1, IER3, HCG20"
rs201232509,chr6:31271295,G>A,0.0004863,13.8,"USP8P1, HLA-C"
rs200646093,chr6:31271356,C>A,0.0002866,11.6,"USP8P1, HLA-C"
rs41562913,chr6:31356421,A>G,0.0004201,14.51,"MIR6891, HLA-B"
rs35445101,chr6:32579102,A>G,0.0004171,16.21,HLA-DRB1
rs45542832,chr6:32584143,G>A,0.0001856,10.78,HLA-DRB1
rs17884043,chr6:32584160,A>C,0.0,12.05,HLA-DRB1
rs17880261,chr6:32584170,C>T,0.000163,11.65,HLA-DRB1
rs1059582,chr6:32584240,G>C,0.0001261,21.3,HLA-DRB1
rs17885382,chr6:32584318,C>T,0.0001912,15.94,HLA-DRB1
rs775308685,chr6:32584379,C>T,1.131e-05,25.0,HLA-DRB1
rs190180919,chr6:32584386,G>T,0.0002726,13.29,HLA-DRB1
rs28724104,chr6:32584387,A>G,0.0,14.71,HLA-DRB1
rs201700261,chr6:32589651,T>C,4.683e-06,24.9,HLA-DRB1
rs761074986,chr6:32589654,C>A,4.658e-06,20.5,HLA-DRB1
rs35053532,chr6:32589684,A>G,0.0001799,16.82,HLA-DRB1
rs17878475,chr6:32589703,C>G,0.0,15.7,HLA-DRB1
rs1454875412,chr6:32589713,G>A,0.0,13.32,HLA-DRB1
rs201726340,chr6:32589726,A>G,4.342e-05,22.5,HLA-DRB1
rs55853041,chr6:32841572,T>C,0.0005921,24.3,"PSMB9, TAP2, TAP1, PSMB8, PSMB8-AS1"
rs369074610,chr6:32847152,C>T,7.725e-05,12.6,"PSMB9, TAP1, PSMB8, PSMB8-AS1"
rs55767910,chr6:32850465,A>G,0.0006602,17.1,"PSMB9, TAP1, PSMB8-AS1"
rs751994866,chr6:32854303,G>C,3.525e-05,15.53,"PSMB9, TAP1"
rs148307794,chr6:32857324,G>T,0.0004627,28.3,"PSMB9, TAP1"
rs374928062,chr6:32858442,T>C,4.866e-05,25.6,"PSMB9, TAP1"
rs144535712,chr6:33068807,G>A,0.0002682,13.54,HLA-DPA1
rs373498897,chr6:33272076,T>C,6.58e-05,16.57,"RPS18, VPS52"
rs371083164,chr6:33416667,T>C,1.591e-05,11.54,"SYNGAP1, PHF1, CUTA"
rs11543058,chr6:33416765,G>A,0.0009267,32.0,"SYNGAP1, PHF1, CUTA"
rs114540573,chr6:33416957,G>T,0.0001471,23.2,"SYNGAP1, PHF1, CUTA"
rs371639766,chr6:33417275,T>C,3.976e-06,24.8,"SYNGAP1, PHF1, CUTA"
rs969768923,chr6:73518532,T>C,1.201e-05,24.1,EEF1A1
rs2231272,chr6:89081340,C>G,0.0005695,11.45,"PNRC1, PNRC1-DT"
rs140357917,chr6:166929618,G>T,0.0007079,10.51,RNASET2
rs775792950,chr5:32598990,C>T,1.996e-05,10.73,SUB1
rs61732951,chr5:40834508,A>G,0.0007328,10.96,"RPL37, SNORD72"
rs147876051,chr5:55110061,G>A,0.0002407,23.0,"CDC20B, GZMA"
rs199795870,chr5:95780317,A>T,3.981e-06,27.1,"GLRX, RHOBTB3"
rs116175996,chr5:95788896,T>C,0.0006577,11.54,"GLRX, RHOBTB3"
rs527975075,chr5:131160824,T>C,0.0004526,10.69,HINT1
rs779985133,chr5:134161061,G>A,3.979e-06,37.0,SKP1
rs201545309,chr5:140632719,G>A,4.405e-05,23.4,CD14
rs151227107,chr5:140632794,G>C,0.000359,21.6,CD14
rs547686954,chr5:140639582,C>T,6.324e-05,15.4,"TMCO6, NDUFA2"
rs201919112,chr5:140642944,C>T,0.0002124,20.2,"TMCO6, IK, MIR3655, NDUFA2"
rs149390659,chr5:150403142,G>A,0.0005062,33.0,"CD74, TCOF1"
rs142254256,chr5:171387987,G>A,0.0005584,16.25,"NPM1, MIR3912"
rs148954743,chr5:176389374,C>T,4.387e-05,12.67,"CLTB, ARL10, HIGD2A, NOP16"
rs776963141,chr5:177337419,G>A,7.994e-06,34.0,LMAN2
rs11540165,chr5:181243720,G>A,1.253e-05,13.1,"CTC-338M12.4, SNORD95, RACK1, SNORD96A"
rs371741630,chr11:320654,C>T,0.0005537,16.41,IFITM3
rs144787855,chr11:747549,C>G,0.0002477,23.2,TALDO1
rs111850318,chr11:810305,A>G,0.0009184,24.4,"PIDD1, SNORA52, RPLP2"
rs560330328,chr11:811805,C>A,7.973e-06,15.71,"PIDD1, SNORA52, RPLP2"
rs757712173,chr11:1763852,G>A,0.0005385,11.74,"CTSD, PRADX"
rs141664313,chr11:1886777,C>A,0.0001518,22.0,"PRR33, LSP1"
rs138247091,chr11:1886856,C>A,0.0003018,19.91,"PRR33, LSP1"
rs543904517,chr11:1889591,C>G,0.000512,17.78,"PRR33, LSP1"
rs748660413,chr11:1890305,G>A,0.0003468,10.79,"PRR33, LSP1"
rs62000995,chr11:5301444,G>A,0.0007797,20.9,"OR51B5, HBG2, HBE1, OR51B4"
rs372411119,chr11:5301739,C>T,3.983e-05,10.87,"OR51B5, HBG2, HBE1, OR51B4"
rs148226586,chr11:5324113,G>A,0.0007539,16.57,"HBG2, OR51B2, HBE1, OR51B5"
rs143848596,chr11:5351715,G>A,0.0001235,25.7,"HBG2, OR51B6, HBE1, OR51B5"
rs778867452,chr11:5390338,G>A,3.714e-05,11.77,"OR51M1, HBG2, HBE1, OR51B5"
rs143227112,chr11:5422560,G>C,7.557e-05,19.68,"HBG2, HBE1, OR51B5, OR51Q1"
rs537594796,chr11:5430771,A>G,4.31e-05,13.78,"HBG2, HBE1, OR51B5, OR51K1P"
rs200872309,chr11:5440965,G>C,0.0004387,23.4,"HBG2, OR51I1, HBE1, OR51B5"
rs148339356,chr11:5489584,C>T,0.0009759,31.0,"HBG2, HBE1, OR51B5, OR52D1"
rs761882549,chr11:6609118,A>G,1.591e-05,21.5,"TAF10, TPP1, ILK"
rs142880781,chr11:8714650,T>C,0.0002665,11.41,"RPL27A, DENND2B"
rs369863977,chr11:32587082,T>C,3.978e-06,25.0,"EIF3M, HNRNPA3P9"
rs764174112,chr11:32601859,G>A,4.079e-05,11.13,"EIF3M, CCDC73"
rs756687595,chr11:35204583,C>T,1.195e-05,15.05,CD44
rs185949125,chr11:61777407,G>T,1.598e-05,23.5,"MYRF, TMEM258"
rs368356148,chr11:61960007,G>A,7.756e-05,20.5,"BEST1, FTH1"
rs768303087,chr11:62566816,G>C,4.02e-06,20.6,"EEF1G, MIR6747"
rs137922656,chr11:62666625,C>A,0.0003647,13.74,"CSKMT, SNORA57, UQCC3, C11orf98, LBHD1"
rs546870654,chr11:62667523,C>T,7.954e-06,23.8,"CSKMT, SNORA57, UQCC3, C11orf98, LBHD1"
rs542585815,chr11:62671728,C>T,8.119e-06,10.08,"UQCC3, UBXN1, CSKMT, LBHD1"
rs191821120,chr11:62678773,C>T,0.0003872,11.67,UBXN1
rs369199964,chr11:64317217,C>T,0.0004559,15.65,"TRMT112, PRDX5, ESRRA"
rs775203949,chr11:65849553,G>A,1.989e-05,28.3,"CFL1, SNX32"
rs200515388,chr11:65855447,C>T,6.476e-05,12.59,"MUS81, SNX32, CFL1"
rs370267349,chr11:65860872,G>T,3.514e-05,23.1,"MUS81, SNX32, CFL1"
rs758893581,chr11:67405170,C>T,1.92e-05,23.8,"PPP1CA, TBC1D10C"
rs145065166,chr11:67406952,C>T,0.000335,11.92,"PPP1CA, TBC1D10C"
rs367546852,chr11:67409018,G>A,4.268e-05,29.5,"PPP1CA, TBC1D10C"
rs1286089804,chr11:67417519,C>G,1.913e-05,20.2,"CARNS1, PPP1CA"
rs1469566931,chr11:67469194,G>T,0.0,15.14,"TMEM134, AIP"
rs367703865,chr11:68043439,G>A,9.07e-05,33.0,"TCIRG1, MIR6753"
rs369197157,chr11:68049289,C>T,0.0001492,22.6,"TCIRG1, CHKA, MIR6753"
rs150260808,chr11:68050180,T>A,0.0004146,31.0,"TCIRG1, CHKA"
rs374927236,chr11:72757808,T>C,3.209e-05,20.4,"ARAP1, STARD10"
rs141402276,chr11:75401739,T>C,0.0005673,17.38,"SNORD15A, SNORD15B, RPS3"
rs756016130,chr11:75404441,C>T,5.852e-05,21.9,"SNORD15A, SNORD15B, RPS3"
rs139093446,chr11:104947095,T>G,0.0001637,16.75,CASP4
rs189692884,chr11:105045333,A>G,0.0007759,12.41,CARD16
rs138493157,chr11:119017531,G>C,3.594e-05,12.3,"CENATAC, TRAPPC4, RPS25"
rs748576941,chr11:123059687,A>G,1.194e-05,12.92,"HSPA8, SNORD14C, SNORD14D, SNORD14E"
rs747611391,chr4:39458913,A>C,0.0002321,11.31,"RPL9, LIAS"
rs202224981,chr4:73987512,C>T,0.0005212,16.99,PPBP
rs148948833,chr4:87337353,G>A,8.873e-05,22.4,HSD17B11
rs200739517,chr4:99949753,C>A,8.145e-06,17.05,"H2AZ1, H2AZ1-DT, DNAJB14"
rs190403527,chr4:119300466,C>T,0.0007252,13.95,"USP53, C4orf3"
rs191506876,chr2:3580913,C>T,0.0006011,11.97,RPS7
rs148292838,chr2:27781709,T>C,7.954e-06,15.16,"MRPL33, RBKS"
rs138752223,chr2:74527747,C>T,0.0004655,15.99,"AUP1, DQX1, LOXL3, HTRA2"
rs376279616,chr2:74528820,G>A,5.212e-05,28.1,"AUP1, DQX1, LOXL3, HTRA2"
rs201225621,chr2:74529372,C>G,0.00091,18.22,"AUP1, DQX1, LOXL3, HTRA2"
rs777371915,chr2:74529605,G>A,3.891e-05,24.2,"AUP1, DQX1, LOXL3, HTRA2"
rs139301266,chr2:85597168,G>A,0.0003389,15.99,"VAMP5, RNF181, TMEM150A"
rs377378343,chr2:101007891,T>C,1.204e-05,15.86,"TBC1D8, RPL31"
rs201583665,chr2:101022316,T>G,0.000377,19.29,"TBC1D8, RPL31"
rs565420761,chr2:111142434,C>A,0.0001215,14.85,"BCL2L11, MIR4435-2HG"
rs533361391,chr2:119370715,A>G,0.0004329,10.16,"C2orf76, DBI"
rs146161584,chr2:162359091,A>G,0.0008485,23.5,GCA
rs201922635,chr2:162359559,A>T,2.097e-05,10.19,GCA
rs142609245,chr2:201078946,T>C,0.0008526,26.5,"RNU6-1206P, NDUFB3"
rs777299197,chr2:201389853,T>C,1.597e-05,25.5,"TRAK2, STRADB"
rs766397926,chr2:201397502,G>A,1.603e-05,34.0,"TRAK2, STRADB"
rs139950419,chr2:201398242,T>C,6.769e-05,22.1,"TRAK2, STRADB"
rs201665790,chr2:201458775,G>C,0.0009077,16.54,STRADB
rs780492767,chr2:218135511,C>T,1.193e-05,21.2,CXCR2
rs74906275,chr2:218393005,C>T,0.0002226,29.8,"SLC11A1, CTDSP1"
rs555872843,chr2:218400125,A>C,0.0001671,24.1,"SLC11A1, CTDSP1, MIR26B"
rs199791299,chr2:218402218,G>A,0.0009807,17.33,"CTDSP1, MIR26B"
rs202209669,chr2:231712816,G>A,0.0001294,26.0,"PTMA, U4, MIR1244-1"
rs750767589,chr2:231712866,A>G,6.278e-06,18.51,"PTMA, U4, MIR1244-1"
rs530674898,chr2:231713381,G>A,0.0001984,19.36,"PTMA, U4, MIR1244-1"
rs569103761,chr3:9799857,G>T,0.0006838,11.18,ARPC4
rs201421285,chr3:48469786,G>A,9.955e-05,11.2,"SHISA5, ATRIP, TREX1"
rs142480574,chr3:49098008,T>C,0.0002346,28.6,"MIR6890, QARS1, QRICH1"
rs144316335,chr3:49098373,C>T,0.0001988,10.73,"MIR6890, QARS1, QRICH1"
rs141983717,chr3:49103922,C>T,0.0002746,22.5,"USP19, QARS1, MIR6890"
rs752660207,chr3:49104459,G>T,3.979e-06,19.72,"USP19, QARS1, MIR6890"
rs115911627,chr3:49412426,C>A,0.0003153,15.5,"TCTA, AMT, RHOA"
rs369868183,chr3:51993721,C>T,0.0002052,15.63,"RPL29, ACY1"
rs141176698,chr3:52229200,A>G,1.216e-05,28.1,"TWF2, TLR9"
rs138887336,chr3:53231451,T>A,0.0009943,33.0,TKT
rs146002165,chr3:101685882,T>C,1.591e-05,27.8,RPL24
rs370332345,chr3:120602310,A>G,0.0004256,15.75,NDUFB4
rs368962976,chr3:122325368,T>C,1.193e-05,12.0,CSTA
rs201579531,chr3:122341493,G>A,3.581e-05,13.24,CSTA
rs35237193,chr3:127677226,C>T,0.000972,10.35,"ABTB1, PODXL2"
rs770731601,chr3:127677811,G>A,1.611e-05,24.0,ABTB1
rs199613465,chr3:127680426,G>A,0.0002986,20.6,ABTB1
rs746102562,chr3:129170431,G>T,7.962e-06,18.83,CNBP
rs763906284,chr3:161429403,A>G,0.0,13.87,"RPL23AP42, LINC02067"
rs753739971,chr3:161429405,C>T,3.12e-05,13.34,"RPL23AP42, LINC02067"
rs779685588,chr3:161429415,A>G,4.41e-06,13.47,"RPL23AP42, LINC02067"
rs746634888,chr3:161429416,G>A,4.402e-06,10.54,"RPL23AP42, LINC02067"
rs781660167,chr3:161429426,G>T,8.774e-06,11.31,"RPL23AP42, LINC02067"
rs748432672,chr3:161429428,T>A,8.763e-06,11.26,"RPL23AP42, LINC02067"
rs778414988,chr3:161429431,C>T,4.371e-06,10.82,"RPL23AP42, LINC02067"
rs749388663,chr3:161429435,G>C,0.0,10.16,"RPL23AP42, LINC02067"
rs761591805,chr3:161429452,G>A,4.321e-06,13.75,"RPL23AP42, LINC02067"
rs754702905,chr3:161429459,G>A,8.607e-06,13.12,"RPL23AP42, LINC02067"
rs771154305,chr3:161429487,C>T,0.0,10.54,"RPL23AP42, LINC02067"
rs779097299,chr3:161429491,T>C,4.288e-06,13.62,"RPL23AP42, LINC02067"
rs745902826,chr3:161429497,C>T,1.29e-05,12.57,"RPL23AP42, LINC02067"
rs769537639,chr3:161429513,A>G,2.636e-05,13.18,"RPL23AP42, LINC02067"
rs762928554,chr3:161429518,G>A,2.214e-05,13.9,"RPL23AP42, LINC02067"
rs758960146,chr3:161429532,T>C,1.742e-05,11.98,"RPL23AP42, LINC02067"
rs573154415,chr1:6206538,G>A,0.0002034,26.3,"RPL22, RNF207, RNF207-AS1"
rs1350834623,chr1:6209017,A>G,0.0,15.39,"RPL22, RNF207, RNF207-AS1"
rs200088833,chr1:11747519,C>T,9.553e-05,25.1,AGTRAP
rs41273161,chr1:17022579,C>T,0.0005015,12.43,SDHB
rs34916635,chr1:17044803,C>T,0.0005331,22.3,SDHB
rs201761717,chr1:20604975,C>T,5.576e-05,28.6,CDA
rs756370294,chr1:27882018,G>A,1.605e-05,22.2,THEMIS2
rs751225562,chr1:36471640,G>T,7.962e-06,20.5,CSF3R
rs142999683,chr1:36475383,C>T,0.0006335,27.8,CSF3R
rs767595857,chr1:43976147,C>T,7.953e-06,11.77,"ATP6V0B, DPH2, B4GALT2"
rs542188775,chr1:46309093,T>C,1.995e-05,15.09,UQCRH
rs79474653,chr1:54045677,A>G,0.0008155,16.11,TMEM59
rs151053556,chr1:89117127,G>C,0.0005172,21.6,GBP2
rs74579617,chr1:150157322,G>A,0.0001975,12.41,PLEKHO1
rs781992298,chr1:150159078,C>T,4.001e-06,16.04,PLEKHO1
rs770123858,chr1:150579147,C>G,0.0002665,10.57,MCL1
rs142659476,chr1:151365228,G>A,0.000356,11.2,SELENBP1
rs373979544,chr1:151368244,C>T,0.0001074,28.2,SELENBP1
rs770110723,chr1:151400841,C>G,3.976e-06,32.0,"PSMB4, POGZ"
rs1354320054,chr1:154214538,C>T,3.978e-06,22.2,C1orf43
rs145695076,chr1:156011854,T>G,2.785e-05,27.4,"ARHGEF2, SSR2"
rs377705476,chr1:156020092,A>C,7.953e-06,23.1,SSR2
rs185686947,chr1:156020177,A>G,0.0001398,13.3,SSR2
rs374577122,chr1:161157709,A>G,5.206e-05,17.12,"UFC1, USP21"
rs144682477,chr1:161215334,G>A,0.0007318,22.2,"NDUFS2, FCER1G"
rs1256300576,chr1:161513937,G>A,3.976e-06,19.42,FCGR2A
rs2229568,chr1:169704733,C>G,0.0008525,17.72,"SELL, FIRRM"
rs774323358,chr1:173481504,C>T,1.199e-05,11.37,"PRDX6-AS1, PRDX6"
rs201606821,chr1:173486372,A>T,7.664e-05,37.0,"PRDX6-AS1, PRDX6"
rs751011909,chr1:183567196,C>T,1.198e-05,11.71,"NCF2, SMG7"
rs201003183,chr1:183586908,A>T,0.0001153,22.4,"NCF2, SMG7"
rs193051407,chr1:192809084,A>G,0.0006085,10.56,RGS2
rs200633260,chr1:226064429,T>C,0.0005565,12.96,"H3-3A-DT, H3-3A"
rs779602685,chr17:1649196,T>C,0.0007556,18.21,"RILP, SCARF1, PRPF8"
rs138416059,chr17:4942921,C>T,0.0005631,12.12,"PFN1, SLC25A11, RNF167"
rs544769223,chr17:4943433,G>A,1.994e-05,27.2,"PFN1, SLC25A11, RNF167, ENO3"
rs143644786,chr17:4944756,C>G,0.0002479,23.4,"PFN1, SLC25A11, RNF167, ENO3"
rs753264370,chr17:7013394,C>G,0.0004125,14.85,"RNASEK, MIR497HG, MIR497, MIR195, ALOX12, ALOX12-AS1, C17orf49"
rs528131727,chr17:7015195,G>T,2.092e-05,12.52,"RNASEK, MIR497HG, MIR497, MIR195, ALOX12, ALOX12-AS1, C17orf49"
rs777568093,chr17:7244274,A>G,1.207e-05,15.91,"CTDNEP1, GABARAP, PHF23"
rs112224660,chr17:7551016,G>C,0.0001696,15.11,TNFSF12
rs1053142449,chr17:7573674,C>T,0.0,21.6,"EIF4A1, SNORA48, SENP3, SNORA67, SNORD10"
rs868032571,chr17:7573788,G>C,0.0,11.89,"EIF4A1, SNORA48, SENP3, SNORA67, SNORD10"
rs748670696,chr17:7574802,G>A,3.399e-05,16.51,"SNORA48, SENP3, CD68, SNORD10, SNORA67, EIF4A1"
rs143864020,chr17:7577096,C>T,2.806e-05,12.91,"SNORA48, MPDU1-AS1, CD68, SNORD10, SNORA67, EIF4A1"
rs545128288,chr17:7578525,C>T,2.064e-05,14.55,"SNORA48, MPDU1-AS1, CD68, SNORD10, SNORA67, EIF4A1"
rs150643693,chr17:7858148,G>A,8.764e-05,26.5,"TMEM88, CYB5D1, NAA38, KDM6B"
rs376766002,chr17:7931773,G>A,2.387e-05,14.22,"CNTROB, TRAPPC1, KCNAB3"
rs750123027,chr17:16443688,C>T,2.587e-05,13.52,"SNORD65, LRRC75A, SNHG29, SNORD49B, SNORD49A"
rs36097824,chr17:27642359,C>G,0.0009911,13.62,LGALS9
rs144202582,chr17:27647269,G>A,0.0002028,22.0,"NOS2P1, LGALS9"
rs370523597,chr17:31319027,T>A,0.0003708,10.83,"NF1, EVI2B, EVI2A"
rs112844799,chr17:38852880,T>C,0.0002055,20.3,"RPL23, SNORA21, SNORA21B"
rs374608660,chr17:39200321,C>G,0.0004969,17.85,"CACNB1, RPL19"
rs367618710,chr17:39730339,C>T,0.0003075,15.51,"ERBB2, MIEN1, MIR4728"
rs566998935,chr17:44308791,T>G,0.0007322,15.48,"RUNDC3A-AS1, RNU6-453P, U3, RUNDC3A"
rs745710105,chr17:47221741,C>T,1.591e-05,32.0,MYL4
rs144811357,chr17:48936981,A>G,0.0006812,11.28,SNF8
rs766968667,chr17:75785004,C>A,0.0007165,19.35,"UNK, H3-3B, MIR4738"
rs558574409,chr17:81510032,C>T,0.0001991,16.0,ACTG1
rs533884184,chr17:81510326,T>A,0.0008476,10.62,ACTG1
rs188302477,chr17:81510491,T>A,0.000836,12.37,ACTG1
rs143851458,chr17:81511459,A>G,0.000851,12.73,ACTG1
rs141528543,chr17:82322210,A>C,0.00078,10.42,"CD7, SECTM1"
rs760603638,chr17:82441832,G>A,1.206e-05,30.0,"CYBC1, HEXD"
rs139347006,chr17:82444474,G>A,6.384e-05,28.1,"CYBC1, HEXD"
rs138683313,chr15:66503272,G>A,0.0005101,12.89,"SNORD18A, ZWILCH, SNORD18C, RPL4, SNORD18B, SNORD16"
rs752175601,chr15:66523766,A>G,6.112e-05,15.31,"ZWILCH, RPL4"
rs181780074,chr15:68787929,G>C,0.0002872,15.1,ANP32A
rs778137192,chr15:74926812,C>T,1.989e-05,29.7,COX5A
rs140891101,chr15:74926878,G>A,7.608e-05,24.7,COX5A
rs762051874,chr15:82540457,C>G,0.0002528,12.11,"RPS17, CPEB1"
rs942454077,chr15:92974840,C>G,3.993e-06,15.79,CHD2
rs202244266,chr15:92980915,A>G,0.0002728,18.3,CHD2
rs755898320,chr15:93009265,C>T,1.989e-05,29.8,CHD2
